{"cameraMode":{"drawMode":0,"name":"Shaded","section":"Shading Mode"},"sceneLighting":true,"audioPlay":false,"sceneViewState":{"m_AlwaysRefresh":false,"showFog":true,"showSkybox":true,"showFlares":true,"showImageEffects":true,"showParticleSystems":true,"showVisualEffectGraphs":true,"m_FxEnabled":true},"in2DMode":false,"pivot":{"x":-68.44281768798828,"y":-13.744457244873047,"z":-55.735923767089847},"rotation":{"x":-0.023264260962605478,"y":0.9370932579040527,"z":-0.06363993138074875,"w":-0.34248730540275576},"size":73.12176513671875,"orthographic":false}