{"cameraMode":{"drawMode":0,"name":"Shaded","section":"Shading Mode"},"sceneLighting":true,"audioPlay":false,"sceneViewState":{"m_AlwaysRefresh":false,"showFog":true,"showSkybox":true,"showFlares":true,"showImageEffects":true,"showParticleSystems":true,"showVisualEffectGraphs":true,"m_FxEnabled":true},"in2DMode":false,"pivot":{"x":5.303597927093506,"y":4.866278171539307,"z":1.444277048110962},"rotation":{"x":0.17102840542793275,"y":-0.08354417234659195,"z":0.014556818641722203,"w":0.9816160798072815},"size":6.552174091339111,"orthographic":false}